{
    "name"         : "haxeui-webview",
    "url"          : "https://github.com/ianharrigan/haxeui-webview",
    "license"      : "MIT",
    "tags"         : ["rich", "ui", "haxeui"],
    "description"  : "Webview for HaxeUI",
    "version"      : "0.1.1",
    "releasenote"  : "",
    "contributors" : ["ianharrigan"],
    "dependencies" : {
        "openfl"        : "",
        "actuate"       : "",
        "hscript"       : "",
        "haxeui"        : "",
        "cocktail"      : ""
    }
}
