<?xml version="1.0" encoding="utf-8" ?>
<vbox width="100%" height="100%">
	<tabview width="100%" height="100%">
		<vbox text="From Asset" width="100%" height="100%">
			<webview width="100%" height="100%" text="asset://ui/example.html" />
		</vbox>
		<vbox text="From URL" width="100%" height="100%">
			<hbox width="100%">
				<textinput id="address" width="100%" text="http://www.google.com/" />
				<button id="goButton" text="Go" />
			</hbox>
			<webview id="webView" width="100%" height="100%" />
		</vbox>
	</tabview>
</vbox>
